,Date,Close Price,Open Price,High Price,Low Price,Total Traded Quantity,Month,Year,VWAP,Average Price,Day_Perc_Change,Trend
0,2019-10-24,1259.11,1259.11,1262.9,1252.35,1010000.0,10,2019,1259.11,1258.3674999999998,0.0,Slight or No change
1,2019-10-23,1257.63,1240.21,1258.04,1240.21,1180000.0,10,2019,1258.3125570776256,1249.0225,-0.0011754334410812861,Slight or No change
2,2019-10-22,1241.2,1244.48,1248.73,1239.85,1280000.0,10,2019,1252.000144092219,1243.565,-0.013064255782702427,Slight or No change
3,2019-10-21,1244.28,1248.7,1253.51,1239.99,1030000.0,10,2019,1250.233088888889,1246.62,0.0024814695456010227,Slight or No change
4,2019-10-18,1244.41,1254.69,1258.11,1240.14,1580000.0,10,2019,1248.7198519736842,1249.3375,0.0001044780917478505,Slight or No change
5,2019-10-17,1252.8,1251.4,1263.75,1249.87,1060000.0,10,2019,1249.3255882352942,1254.455,0.006742150898819466,Slight or No change
6,2019-10-16,1243.0,1241.81,1254.19,1238.53,1150000.0,10,2019,1248.4480940892643,1244.3825,-0.00782247765006383,Slight or No change
7,2019-10-15,1242.24,1221.5,1247.12,1220.92,1530000.0,10,2019,1247.4808452138493,1232.945,-0.0006114239742558425,Slight or No change
8,2019-10-14,1217.77,1213.89,1225.88,1211.88,683930.0,10,2019,1245.546318006689,1217.355,-0.019698286965481704,Slight or No change
9,2019-10-11,1215.71,1224.03,1228.75,1213.64,1130000.0,10,2019,1242.648325724841,1220.5325,-0.0016916166435368973,Slight or No change
10,2019-10-10,1209.47,1198.6,1215.62,1197.86,668240.0,10,2019,1240.8461164900175,1205.3874999999998,-0.005132803053359725,Slight or No change
11,2019-10-09,1202.4,1201.33,1208.46,1198.12,813220.0,10,2019,1238.4622643245834,1202.5774999999999,-0.005845535647845734,Slight or No change
12,2019-10-08,1190.13,1198.77,1206.87,1189.48,1030000.0,10,2019,1234.9429387878313,1196.3125,-0.010204590818363224,Slight or No change
13,2019-10-07,1208.25,1207.0,1218.91,1204.36,879020.0,10,2019,1233.3812383913912,1209.6299999999999,0.015225227496155735,Slight or No change
14,2019-10-04,1210.96,1194.29,1212.46,1190.97,1230000.0,10,2019,1231.6845835622457,1202.17,0.002242913304365768,Slight or No change
15,2019-10-03,1189.43,1183.34,1191.0,1163.14,1470000.0,10,2019,1228.18013755606,1181.7275,-0.01777928255268546,Slight or No change
16,2019-10-02,1177.92,1196.5,1198.76,1172.63,1670000.0,10,2019,1223.8523735395922,1186.4525,-0.009676904063290803,Slight or No change
17,2019-10-01,1206.0,1222.49,1232.86,1205.55,1280000.0,10,2019,1222.747092270106,1216.725,0.023838630806845895,Slight or No change
18,2019-09-30,1221.14,1220.6,1227.4,1213.42,1290000.0,9,2019,1222.6527055313575,1220.6399999999999,0.01255389718076283,Slight or No change
19,2019-09-27,1225.95,1242.83,1244.99,1215.2,1720000.0,9,2019,1222.8921603662495,1232.2424999999998,0.003938942299818171,Slight or No change
20,2019-09-26,1242.29,1242.14,1244.67,1231.82,1170000.0,9,2019,1223.8052970036304,1240.23,0.013328439169623563,Slight or No change
21,2019-09-25,1245.94,1216.01,1248.02,1209.2,1360000.0,9,2019,1224.9536423631125,1229.7925,0.0029381223385844812,Slight or No change
22,2019-09-24,1218.33,1240.0,1247.11,1210.64,1840000.0,9,2019,1224.5192186148274,1229.02,-0.022159975600751336,Slight or No change
23,2019-09-23,1234.69,1226.57,1239.68,1223.78,1200000.0,9,2019,1224.936418539974,1231.18,0.013428217313864232,Slight or No change
24,2019-09-20,1229.84,1233.64,1242.8,1223.58,1940000.0,9,2019,1225.241375358598,1232.465,-0.003928111509771792,Slight or No change
25,2019-09-19,1238.75,1232.32,1244.34,1232.31,847000.0,9,2019,1225.5984696647245,1236.9299999999998,0.007244844857867694,Slight or No change
26,2019-09-18,1232.65,1230.24,1236.24,1216.47,892790.0,9,2019,1225.7896246272871,1228.9,-0.004924318869828359,Slight or No change
27,2019-09-17,1229.88,1231.63,1235.0,1223.35,1050000.0,9,2019,1225.9160037723414,1229.9650000000001,-0.0022471910112359383,Slight or No change
28,2019-09-16,1231.63,1230.44,1239.02,1225.19,1410000.0,9,2019,1226.1436324426036,1231.5700000000002,0.0014229030474517401,Slight or No change
29,2019-09-13,1240.03,1232.11,1241.05,1227.08,1180000.0,9,2019,1226.5916508194302,1235.0674999999999,0.006820230101572511,Slight or No change
30,2019-09-12,1234.97,1223.47,1242.41,1222.56,1580000.0,9,2019,1226.9386058520424,1230.8525,-0.004080546438392618,Slight or No change
31,2019-09-11,1220.0,1203.89,1222.47,1202.28,1180000.0,9,2019,1226.7304522629163,1212.16,-0.012121751945391446,Slight or No change
32,2019-09-10,1205.7,1196.09,1210.0,1196.01,1400000.0,9,2019,1226.0076534067198,1201.95,-0.01172131147540978,Slight or No change
33,2019-09-09,1205.27,1207.08,1220.55,1193.17,1590000.0,9,2019,1225.2285986598683,1206.5175,-0.00035663929667417715,Slight or No change
34,2019-09-06,1206.32,1209.14,1212.94,1203.26,948580.0,9,2019,1224.8141044092845,1207.915,0.0008711740937714652,Slight or No change
35,2019-09-05,1212.19,1193.66,1214.0,1192.69,1320000.0,9,2019,1224.440415713037,1203.1350000000002,0.00486603886199366,Slight or No change
36,2019-09-04,1182.27,1179.45,1184.88,1171.53,1070000.0,9,2019,1223.4522510674997,1179.5325,-0.024682599262491944,Slight or No change
37,2019-09-03,1169.55,1181.85,1189.08,1163.71,1300000.0,9,2019,1221.9601561278953,1176.0475,-0.010758963688497603,Slight or No change
38,2019-08-30,1190.53,1200.35,1200.35,1185.72,903380.0,8,2019,1221.3669735027836,1194.2375,0.017938523363686842,Slight or No change
39,2019-08-29,1194.24,1186.42,1199.19,1185.28,982100.0,8,2019,1220.8215825169618,1191.2825,0.0031162591450866195,Slight or No change
40,2019-08-28,1173.75,1164.87,1178.5,1160.25,840830.0,8,2019,1220.0250455160278,1169.3425,-0.01715735530546625,Slight or No change
41,2019-08-27,1170.82,1183.0,1185.0,1164.56,1170000.0,8,2019,1218.893096374709,1175.8449999999998,-0.0024962726304580407,Slight or No change
42,2019-08-26,1171.18,1159.45,1171.86,1154.85,1060000.0,8,2019,1217.9189675493158,1164.335,0.0003074768111239745,Slight or No change
43,2019-08-23,1153.58,1185.17,1195.67,1150.0,1810000.0,8,2019,1215.7515470464882,1171.105,-0.015027579022865889,Slight or No change
44,2019-08-22,1191.52,1193.8,1198.78,1178.91,867920.0,8,2019,1215.3663419901566,1190.7524999999998,0.032888919710813314,Slight or No change
45,2019-08-21,1191.58,1195.82,1200.56,1187.92,708270.0,8,2019,1215.0617209405684,1193.9699999999998,5.035584799251147e-05,Slight or No change
46,2019-08-20,1183.53,1195.35,1198.0,1183.05,1010000.0,8,2019,1214.4962076704583,1189.9825,-0.006755736081505148,Slight or No change
47,2019-08-19,1200.44,1191.83,1209.39,1190.4,1220000.0,8,2019,1214.198154487125,1198.0149999999999,0.014287766258565648,Slight or No change
48,2019-08-16,1179.21,1180.79,1183.84,1173.0,1270000.0,8,2019,1213.4425258055057,1179.21,-0.017685182099896668,Slight or No change
49,2019-08-15,1169.32,1168.43,1176.42,1163.0,1430000.0,8,2019,1212.395046456163,1169.2925,-0.008386970938170535,Slight or No change
50,2019-08-14,1164.25,1176.07,1182.79,1161.07,1770000.0,8,2019,1211.0207000742516,1171.0449999999998,-0.004335853316457361,Slight or No change
51,2019-08-13,1196.73,1174.35,1205.43,1172.99,1430000.0,8,2019,1210.6985496698367,1187.375,0.027897788275714097,Slight or No change
52,2019-08-12,1174.5,1180.0,1185.61,1168.72,1100000.0,8,2019,1210.0815475488755,1177.2075,-0.018575618560577545,Slight or No change
53,2019-08-09,1188.9,1199.99,1204.46,1184.89,1020000.0,8,2019,1209.751975644067,1194.5600000000002,0.01226053639846758,Slight or No change
54,2019-08-08,1206.19,1186.43,1206.28,1174.0,1510000.0,8,2019,1209.671776422912,1193.225,0.014542854739675315,Slight or No change
55,2019-08-07,1175.91,1157.8,1179.87,1150.84,1530000.0,8,2019,1208.918728721568,1166.105,-0.025103839361957925,Slight or No change
56,2019-08-06,1171.08,1165.52,1181.4,1161.53,1800000.0,8,2019,1207.9511963571988,1169.8825,-0.0041074572033574785,Slight or No change
57,2019-08-05,1154.75,1172.97,1176.88,1142.75,2390000.0,8,2019,1206.2042653940466,1161.8375,-0.013944393209686767,Slight or No change
58,2019-08-02,1196.32,1203.0,1209.5,1190.0,1750000.0,8,2019,1205.9721945620918,1199.705,0.03599913401169075,Slight or No change
59,2019-08-01,1211.78,1217.63,1236.3,1207.0,1770000.0,8,2019,1206.1069141467012,1218.1775,0.012922963755517047,Slight or No change
60,2019-07-31,1218.2,1224.87,1234.91,1208.18,2000000.0,7,2019,1206.4157844004899,1221.54,0.005297991384574763,Slight or No change
61,2019-07-30,1228.0,1227.0,1236.91,1225.32,1430000.0,7,2019,1206.80288316414,1229.3075,0.008044656049909671,Slight or No change
62,2019-07-29,1241.84,1242.5,1248.99,1230.2,2069999.9999999998,7,2019,1207.6894620237226,1240.8825,0.011270358306188832,Slight or No change
63,2019-07-26,1245.22,1228.0,1268.39,1228.0,6060000.0,7,2019,1210.2779140281575,1242.4025000000001,0.0027217676995427986,Slight or No change
64,2019-07-25,1135.94,1138.95,1143.59,1123.71,2740000.0,7,2019,1208.0298564708369,1135.5475000000001,-0.08775959268241751,Slight or No change
65,2019-07-24,1139.73,1132.62,1145.45,1128.51,1360000.0,7,2019,1207.0198252416565,1136.5775,0.0033364438262584173,Slight or No change
66,2019-07-23,1148.05,1143.45,1148.86,1132.85,1030000.0,7,2019,1206.3666854264002,1143.3024999999998,0.007299974555377009,Slight or No change
67,2019-07-22,1139.21,1135.47,1140.02,1125.21,1450000.0,7,2019,1205.3356419071445,1134.9775,-0.007700013065632949,Slight or No change
68,2019-07-19,1131.55,1149.32,1151.58,1131.25,1160000.0,7,2019,1204.4403844003175,1140.925,-0.0067239578304264525,Slight or No change
69,2019-07-18,1147.24,1142.0,1148.17,1132.86,1270000.0,7,2019,1203.690507979951,1142.5674999999999,0.013865936105342369,Slight or No change
70,2019-07-17,1146.74,1150.92,1158.44,1146.62,976890.0,7,2019,1203.1219525586403,1150.6799999999998,-0.0004358285973292686,Slight or No change
71,2019-07-16,1153.46,1146.73,1158.58,1146.73,1270000.0,7,2019,1202.4856601958977,1151.375,0.005860090343059454,Slight or No change
72,2019-07-15,1150.51,1145.34,1150.68,1140.0,1060000.0,7,2019,1201.9357200238326,1146.6325,-0.002557522584224925,Slight or No change
73,2019-07-12,1145.34,1142.93,1147.5,1138.56,1090000.0,7,2019,1201.3265760228105,1143.5825,-0.004493659333686839,Slight or No change
74,2019-07-11,1144.08,1146.16,1153.24,1139.53,1300000.0,7,2019,1200.6010327411423,1145.7524999999998,-0.0011001100110010764,Slight or No change
75,2019-07-10,1140.91,1132.32,1142.34,1130.66,1540000.0,7,2019,1199.7180985902032,1136.5575,-0.002770785259771924,Slight or No change
76,2019-07-09,1124.29,1110.32,1127.86,1107.15,1470000.0,7,2019,1198.667927856569,1117.4049999999997,-0.014567319069865414,Slight or No change
77,2019-07-08,1116.79,1125.87,1127.21,1111.76,1490000.0,7,2019,1197.528527090653,1120.4075,-0.006670876731092457,Slight or No change
78,2019-07-05,1132.66,1119.37,1134.65,1117.5,1490000.0,7,2019,1196.638215987208,1126.045,0.014210370794867533,Slight or No change
79,2019-07-03,1122.99,1118.5,1127.99,1114.85,1010000.0,7,2019,1195.9593511062162,1121.0825,-0.008537425176134095,Slight or No change
80,2019-07-02,1112.6,1104.83,1112.89,1099.67,1030000.0,7,2019,1195.1830541163886,1107.4975,-0.009252085949118083,Slight or No change
81,2019-07-01,1100.0,1101.04,1108.59,1095.33,1460000.0,7,2019,1193.9429633791672,1101.24,-0.011324824734855188,Slight or No change
82,2019-06-28,1082.8,1077.23,1082.8,1073.8,1680000.0,6,2019,1192.3013543042127,1079.1575,-0.01563636363636367,Slight or No change
83,2019-06-27,1076.63,1086.75,1088.46,1075.85,1200000.0,6,2019,1191.0937415963176,1081.9225000000001,-0.0056981898780936735,Slight or No change
84,2019-06-26,1080.32,1091.0,1095.12,1073.69,1730000.0,6,2019,1189.4512027375508,1085.0324999999998,0.003427361303325993,Slight or No change
85,2019-06-25,1087.58,1115.08,1115.7,1084.6,1580000.0,6,2019,1188.0900733787803,1100.7399999999998,0.006720231042653957,Slight or No change
86,2019-06-24,1116.7,1120.0,1123.57,1113.31,1210000.0,6,2019,1187.3669826397763,1118.395,0.026775041836002877,Slight or No change
87,2019-06-21,1125.37,1109.86,1126.57,1109.72,2540000.0,6,2019,1186.0762487462314,1117.8799999999999,0.007763947344855193,Slight or No change
88,2019-06-20,1113.2,1121.7,1122.72,1107.0,1200000.0,6,2019,1185.3664276570778,1116.155,-0.010814221100615695,Slight or No change
89,2019-06-19,1104.51,1107.24,1109.43,1096.03,1340000.0,6,2019,1184.4964603756302,1104.3025,-0.007806324110671947,Slight or No change
90,2019-06-18,1105.24,1111.5,1118.78,1100.79,1730000.0,6,2019,1183.410602134263,1109.0774999999999,0.0006609265647210538,Slight or No change
91,2019-06-17,1093.89,1089.1,1101.28,1088.0,988490.0,6,2019,1182.7152559054778,1093.0674999999999,-0.010269262784553534,Slight or No change
92,2019-06-14,1086.3,1089.74,1094.76,1081.48,1230000.0,6,2019,1181.7923034919427,1088.0700000000002,-0.006938540438252594,Slight or No change
93,2019-06-13,1091.01,1084.71,1096.59,1082.57,1040000.0,6,2019,1181.063413547032,1088.72,0.004335818834576122,Slight or No change
94,2019-06-12,1079.1,1079.95,1082.52,1069.6,1180000.0,6,2019,1180.1429314074308,1077.7925,-0.01091649022465424,Slight or No change
95,2019-06-11,1081.04,1096.99,1104.01,1079.57,1680000.0,6,2019,1178.8853432606197,1090.4025,0.0017977944583449368,Slight or No change
96,2019-06-10,1082.76,1077.0,1094.84,1075.28,1430000.0,6,2019,1177.8581532821613,1082.47,0.0015910604602975553,Slight or No change
97,2019-06-07,1068.37,1054.28,1073.43,1051.15,2190000.0,6,2019,1176.0952101739672,1061.8075,-0.013290110458458071,Slight or No change
98,2019-06-06,1047.76,1046.21,1050.0,1035.51,1450000.0,6,2019,1174.741469731049,1044.8700000000001,-0.019291069573275088,Slight or No change
99,2019-06-05,1044.64,1055.0,1056.81,1033.0,2350000.0,6,2019,1172.5546661363305,1047.3625000000002,-0.002977781171260463,Slight or No change
100,2019-06-04,1054.49,1044.49,1058.44,1036.03,3030000.0,6,2019,1170.0502256052305,1048.3625,0.009429085618011923,Slight or No change
101,2019-06-03,1038.74,1066.93,1067.0,1027.03,4840000.0,6,2019,1165.7467406944145,1049.925,-0.014936130262022451,Slight or No change
102,2019-05-31,1106.5,1105.64,1113.4,1103.35,1580000.0,5,2019,1165.1195838113003,1107.2225,0.06523287829485724,Slight or No change
103,2019-05-30,1121.41,1120.15,1126.8,1115.9,904420.0,5,2019,1164.856328054432,1121.065,0.013474920921825673,Slight or No change
104,2019-05-29,1119.94,1132.7,1135.0,1111.95,1810000.0,5,2019,1164.3213814449055,1124.8975,-0.001310849733817232,Slight or No change
105,2019-05-28,1139.56,1141.48,1156.49,1138.67,1050000.0,5,2019,1164.1514782465724,1144.05,0.017518795649766883,Slight or No change
106,2019-05-24,1138.61,1152.0,1154.36,1136.71,927650.0,5,2019,1163.9975767711298,1145.4199999999998,-0.0008336550949489263,Slight or No change
107,2019-05-23,1145.34,1146.07,1150.05,1133.16,1260000.0,5,2019,1163.8461165994568,1143.655,0.005910715697209801,Slight or No change
108,2019-05-22,1155.85,1151.25,1163.78,1151.0,941280.0,5,2019,1163.7979168469642,1155.47,0.009176314456842416,Slight or No change
109,2019-05-21,1154.44,1154.48,1158.0,1143.31,1030000.0,5,2019,1163.736596014442,1152.5575,-0.0012198814725092877,Slight or No change
110,2019-05-20,1144.66,1153.0,1153.0,1138.13,1530000.0,5,2019,1163.5526979962262,1147.1975,-0.008471639929316321,Slight or No change
111,2019-05-17,1168.78,1175.83,1186.29,1166.42,1270000.0,5,2019,1163.5941938528733,1174.33,0.02107175929970473,Slight or No change
112,2019-05-16,1184.5,1171.84,1194.16,1168.45,1770000.0,5,2019,1163.8229565084662,1179.7375,0.01344992214103602,Slight or No change
113,2019-05-15,1170.8,1122.55,1178.3,1121.4,2970000.0,5,2019,1163.9487537080965,1148.2624999999998,-0.011566061629379565,Slight or No change
114,2019-05-14,1124.86,1142.32,1144.87,1123.53,2020000.0,5,2019,1163.4752177622454,1133.895,-0.03923812777587976,Slight or No change
115,2019-05-13,1136.59,1145.24,1151.97,1125.5,2280000.0,5,2019,1163.1125574721605,1139.825,0.010427964368899367,Slight or No change
116,2019-05-10,1167.64,1168.84,1176.28,1146.37,1580000.0,5,2019,1163.1544870797586,1164.7825,0.02731855814321804,Slight or No change
117,2019-05-09,1167.97,1162.6,1174.07,1154.64,1480000.0,5,2019,1163.1959026599857,1164.82,0.00028262135589729453,Slight or No change
118,2019-05-08,1170.78,1177.29,1184.27,1167.63,1280000.0,5,2019,1163.2518983917137,1174.9924999999998,0.00240588371276651,Slight or No change
119,2019-05-07,1178.86,1185.81,1194.77,1165.0,1830000.0,5,2019,1163.414933794255,1181.1100000000001,0.006901381984659727,Slight or No change
120,2019-05-06,1193.46,1172.0,1195.43,1171.15,1590000.0,5,2019,1163.685159903885,1183.0100000000002,0.01238484637700843,Slight or No change
121,2019-05-03,1189.55,1177.41,1191.4,1173.55,2080000.0,5,2019,1163.9859407451506,1182.9775,-0.003276188560990767,Slight or No change
122,2019-05-02,1166.51,1172.6,1179.38,1158.33,2250000.0,5,2019,1164.0172974211107,1169.205,-0.019368668824345292,Slight or No change
123,2019-05-01,1173.32,1197.5,1199.25,1171.67,3720000.0,5,2019,1164.2045251590873,1185.435,0.005837926807314098,Slight or No change
124,2019-04-30,1198.96,1190.63,1200.98,1183.0,6660000.0,4,2019,1165.4132912319294,1193.3925,0.021852521051375584,Slight or No change
125,2019-04-29,1296.2,1280.51,1296.97,1271.71,3620000.0,4,2019,1167.8398104026462,1286.3475,0.08110362314005481,Slight or No change
126,2019-04-26,1277.42,1273.38,1278.91,1265.0,1360000.0,4,2019,1168.5983283249525,1273.6775,-0.014488504860361018,Slight or No change
127,2019-04-25,1267.34,1270.3,1272.8,1258.0,1570000.0,4,2019,1169.3811059738691,1267.11,-0.00789090510560364,Slight or No change
128,2019-04-24,1260.05,1270.59,1274.0,1259.81,1170000.0,4,2019,1169.9136117248984,1266.1125,-0.0057522054065995976,Slight or No change
129,2019-04-23,1270.59,1256.64,1274.43,1251.97,1590000.0,4,2019,1170.7107843379224,1263.4075,0.008364747430657404,Slight or No change
130,2019-04-22,1253.76,1236.67,1254.34,1233.37,954420.0,4,2019,1171.103649371677,1244.535,-0.013245814936368117,Slight or No change
131,2019-04-18,1241.47,1245.0,1245.94,1239.41,1240000.0,4,2019,1171.5334767096476,1242.9550000000002,-0.009802514037774324,Slight or No change
132,2019-04-17,1240.14,1237.0,1245.1,1232.9,1520000.0,4,2019,1172.0433667738405,1238.785,-0.0010713106236960313,Slight or No change
133,2019-04-16,1231.91,1230.0,1235.98,1225.04,1130000.0,4,2019,1172.3723228254164,1230.7325,-0.006636347509152207,Slight or No change
134,2019-04-15,1226.53,1224.09,1229.3,1214.56,1190000.0,4,2019,1172.683907262785,1223.62,-0.0043672021495078095,Slight or No change
135,2019-04-12,1222.73,1215.62,1223.05,1213.29,1220000.0,4,2019,1172.977364409123,1218.6725,-0.003098171263646199,Slight or No change
136,2019-04-11,1209.59,1208.9,1212.74,1204.54,849950.0,4,2019,1173.1263240134265,1208.9424999999999,-0.010746444431722568,Slight or No change
137,2019-04-10,1206.45,1205.09,1208.94,1200.66,775460.0,4,2019,1173.24956277985,1205.285,-0.0025959209318858756,Slight or No change
138,2019-04-09,1202.69,1201.89,1207.15,1198.38,983840.0,4,2019,1173.3870526869619,1202.5275000000001,-0.003116581706660071,Slight or No change
139,2019-04-08,1208.28,1211.11,1213.95,1204.69,1090000.0,4,2019,1173.5666603997552,1209.5075000000002,0.004647914258869568,Slight or No change
140,2019-04-05,1211.45,1219.3,1220.39,1210.03,1000000.0,4,2019,1173.7447190230691,1215.2925,0.0026235640745522204,Slight or No change
141,2019-04-04,1219.45,1211.29,1220.55,1209.04,1050000.0,4,2019,1173.9691756236261,1215.0825,0.006603656774939015,Slight or No change
142,2019-04-03,1210.81,1212.7,1220.6,1205.08,1110000.0,4,2019,1174.15944994195,1212.2975000000001,-0.007085161343228563,Slight or No change
143,2019-04-02,1205.54,1200.05,1205.81,1191.24,914410.0,4,2019,1174.2923990728164,1200.66,-0.004352458271735471,Slight or No change
144,2019-04-01,1198.98,1187.54,1200.2,1186.36,1390000.0,4,2019,1174.4503745590516,1193.27,-0.005441544867859971,Slight or No change
145,2019-03-29,1176.89,1180.18,1183.97,1166.38,1540000.0,3,2019,1174.4675485729726,1176.855,-0.018423993728002075,Slight or No change
146,2019-03-28,1172.27,1175.5,1177.25,1163.43,1120000.0,3,2019,1174.4563550537473,1172.1125,-0.003925600523413508,Slight or No change
147,2019-03-27,1178.01,1191.92,1191.92,1164.23,1470000.0,3,2019,1174.4799548222022,1181.52,0.004896482892166487,Slight or No change
148,2019-03-26,1189.84,1205.19,1207.65,1181.76,1540000.0,3,2019,1174.5860800309244,1196.11,0.010042359572499215,Slight or No change
149,2019-03-25,1197.38,1199.56,1209.44,1190.0,1380000.0,3,2019,1174.726336491536,1199.095,0.006336986485578011,Slight or No change
150,2019-03-22,1207.65,1228.85,1233.63,1206.0,1720000.0,3,2019,1174.9769147362638,1219.0325,0.008577059914145924,Slight or No change
151,2019-03-21,1236.13,1220.0,1236.44,1216.58,1410000.0,3,2019,1175.3560926506877,1227.2875,0.023582991760857874,Slight or No change
152,2019-03-20,1226.43,1201.4,1229.99,1199.59,2080000.0,3,2019,1175.8190208351336,1214.3525,-0.007847071100936076,Slight or No change
153,2019-03-19,1202.46,1191.72,1203.4,1189.46,1490000.0,3,2019,1175.9908816818518,1196.7600000000002,-0.01954453168953796,Slight or No change
154,2019-03-18,1188.55,1189.69,1194.95,1181.48,1220000.0,3,2019,1176.056870684096,1188.6675,-0.011567952364319845,Slight or No change
155,2019-03-15,1190.3,1198.0,1201.72,1187.01,2590000.0,3,2019,1176.2139938485086,1194.2575000000002,0.001472382314585019,Slight or No change
156,2019-03-14,1192.53,1199.02,1204.7,1191.23,1370000.0,3,2019,1176.308648646726,1196.87,0.0018734772746367145,Slight or No change
157,2019-03-13,1199.06,1205.93,1207.12,1197.91,1290000.0,3,2019,1176.4322545467824,1202.5049999999999,0.0054757532305267365,Slight or No change
158,2019-03-12,1197.25,1182.3,1205.71,1182.3,2110000.0,3,2019,1176.6156194379269,1191.89,-0.0015095157873666887,Slight or No change
159,2019-03-11,1179.26,1152.0,1179.91,1151.57,1500000.0,3,2019,1176.6320746814517,1165.685,-0.015026101482564225,Slight or No change
160,2019-03-08,1149.97,1133.9,1153.45,1130.2,1180000.0,3,2019,1176.5021940858455,1141.8799999999999,-0.024837610026626877,Slight or No change
161,2019-03-07,1150.85,1160.5,1163.58,1141.71,1500000.0,3,2019,1176.3443228300384,1154.1599999999999,0.0007652373540179003,Slight or No change
162,2019-03-06,1164.94,1171.76,1174.74,1163.05,1180000.0,3,2019,1176.2893761716705,1168.6225,0.01224312464700028,Slight or No change
163,2019-03-05,1169.19,1156.0,1176.49,1153.02,2000000.0,3,2019,1176.2318708776068,1163.6750000000002,0.0036482565625697294,Slight or No change
164,2019-03-04,1153.42,1154.56,1165.52,1138.25,1770000.0,3,2019,1176.0695069073934,1152.9375,-0.013487970304227659,Slight or No change
165,2019-03-01,1148.52,1131.0,1150.0,1131.0,1700000.0,3,2019,1175.8824561413319,1140.13,-0.004248235681711843,Slight or No change
166,2019-02-28,1126.55,1119.0,1133.99,1118.41,1370000.0,2,2019,1175.6139957487542,1124.4875,-0.01912896597360081,Slight or No change
167,2019-02-27,1122.89,1114.01,1125.73,1108.56,1100000.0,2,2019,1175.3846268899736,1117.7975000000001,-0.003248857130176086,Slight or No change
168,2019-02-26,1122.01,1114.37,1126.43,1106.7,1750000.0,2,2019,1175.0177579571323,1117.3775,-0.0007836920802573033,Slight or No change
169,2019-02-25,1117.33,1121.93,1125.4,1114.11,1310000.0,2,2019,1174.7224574774878,1119.6925,-0.00417108581919956,Slight or No change
170,2019-02-22,1116.56,1109.7,1117.25,1100.5,1470000.0,2,2019,1174.390271145129,1111.0025,-0.0006891428673713174,Slight or No change
171,2019-02-21,1104.21,1118.78,1119.15,1097.98,1660000.0,2,2019,1173.9405401763088,1110.03,-0.011060758042559238,Slight or No change
172,2019-02-20,1120.59,1128.88,1130.93,1111.75,1200000.0,2,2019,1173.6945359722556,1123.0375000000001,0.014834134811313016,Slight or No change
173,2019-02-19,1126.51,1116.64,1129.64,1116.64,1100000.0,2,2019,1173.4959342484788,1122.3575,0.005282931312969197,Slight or No change
174,2019-02-15,1119.63,1139.3,1139.3,1116.72,1390000.0,2,2019,1173.2109532680229,1128.7375000000002,-0.0061073581237626184,Slight or No change
175,2019-02-14,1129.2,1125.0,1136.13,1117.09,1060000.0,2,2019,1173.0341033463135,1126.855,0.008547466573778806,Slight or No change
176,2019-02-13,1128.63,1133.04,1142.85,1126.0,1400000.0,2,2019,1172.7996855524611,1132.63,-0.0005047821466523938,Slight or No change
177,2019-02-12,1127.58,1111.01,1132.86,1111.01,1750000.0,2,2019,1172.5032375486383,1120.615,-0.0009303314638102744,Slight or No change
178,2019-02-11,1102.12,1103.75,1113.43,1100.0,924880.0,2,2019,1172.2602212157772,1104.825,-0.02257932918285177,Slight or No change
179,2019-02-08,1102.38,1094.88,1105.1,1094.24,1090000.0,2,2019,1171.9770181401136,1099.15,0.0002359089754293553,Slight or No change
180,2019-02-07,1105.91,1111.82,1111.99,1093.59,1910000.0,2,2019,1171.5111510591341,1105.8275,0.0032021625936609066,Slight or No change
181,2019-02-06,1122.89,1149.27,1154.0,1118.36,2410000.0,2,2019,1171.0823663940653,1136.1299999999999,0.015353871472362224,Slight or No change
182,2019-02-05,1151.87,1129.63,1152.77,1123.6,4110000.0000000005,2,2019,1170.7976997210792,1139.4675,0.02580840509756066,Slight or No change
183,2019-02-04,1141.42,1119.01,1142.34,1117.51,3920000.0,2,2019,1170.3883227941346,1130.0700000000002,-0.009072204328613331,Slight or No change
184,2019-02-01,1118.62,1122.29,1134.4,1114.25,1660000.0,2,2019,1170.0846286356318,1122.3899999999999,-0.01997511871178026,Slight or No change
185,2019-01-31,1125.89,1112.24,1127.67,1105.25,2009999.9999999998,1,2019,1169.7729150134483,1117.7625,0.006499079222613835,Slight or No change
186,2019-01-30,1097.99,1077.36,1099.52,1076.64,1470000.0,1,2019,1169.404536583508,1087.8775,-0.02478039595342363,Slight or No change
187,2019-01-29,1070.06,1081.04,1084.73,1066.02,985250.0,1,2019,1169.0640068938687,1075.4625,-0.025437390140165217,Slight or No change
188,2019-01-28,1079.86,1090.07,1093.37,1074.61,1470000.0,1,2019,1168.6101166810001,1084.4775,0.00915836495149791,Slight or No change
189,2019-01-25,1101.51,1094.23,1103.36,1091.8,1160000.0,1,2019,1168.3417737877066,1097.725,0.020048895227159136,Slight or No change
190,2019-01-24,1084.0,1082.51,1088.0,1070.02,1460000.0,1,2019,1167.9193737739784,1081.1325000000002,-0.015896360450654123,Slight or No change
191,2019-01-23,1084.41,1086.86,1092.95,1067.57,1260000.0,1,2019,1167.5599878421579,1082.9475,0.0003782287822879926,Slight or No change
192,2019-01-22,1078.63,1096.0,1098.97,1070.89,1980000.0,1,2019,1166.962620323595,1086.1225000000002,-0.005330087328593414,Slight or No change
193,2019-01-18,1107.3,1108.59,1118.0,1099.28,2240000.0,1,2019,1166.5126429815912,1108.2925,0.026580013535688618,Slight or No change
194,2019-01-17,1099.12,1087.99,1100.7,1083.26,1240000.0,1,2019,1166.2324449690589,1092.7675,-0.007387338571299584,Slight or No change
195,2019-01-16,1089.51,1090.0,1102.36,1088.01,1910000.0,1,2019,1165.7442264581616,1092.47,-0.008743358323021977,Slight or No change
196,2019-01-15,1086.51,1058.01,1088.27,1054.44,1880000.0,1,2019,1165.2510328984106,1071.8075,-0.0027535314040256775,Slight or No change
197,2019-01-14,1051.51,1053.34,1058.45,1048.55,1420000.0,1,2019,1164.7187834829483,1052.9625,-0.032213233196196955,Slight or No change
198,2019-01-11,1064.47,1069.9,1073.37,1056.43,1540000.0,1,2019,1164.2125963855733,1066.0425,0.01232513242860267,Slight or No change
199,2019-01-10,1078.83,1074.94,1079.81,1064.68,1330000.0,1,2019,1163.8418793896178,1074.565,0.01349028154856402,Slight or No change
200,2019-01-09,1081.65,1087.99,1091.64,1074.37,1350000.0,1,2019,1163.4812389743863,1083.9125000000001,0.0026139428825673328,Slight or No change
201,2019-01-08,1085.37,1086.0,1093.35,1068.35,1770000.0,1,2019,1163.0344450850953,1083.2675,0.003439190126195868,Slight or No change
202,2019-01-07,1075.92,1080.97,1082.7,1062.64,2370000.0,1,2019,1162.372311847175,1075.5575000000001,-0.008706708311451261,Slight or No change
203,2019-01-04,1078.07,1042.56,1080.0,1036.86,2300000.0,1,2019,1161.7550314457678,1059.3725,0.001998289835675404,Slight or No change
204,2019-01-03,1025.47,1050.67,1066.26,1022.37,2100000.0,1,2019,1160.8499476193551,1041.1925,-0.04879089483985266,Slight or No change
205,2019-01-02,1054.68,1027.2,1060.79,1025.28,1590000.0,1,2019,1160.3187675139588,1041.9875,0.02848449979034018,Slight or No change
206,2018-12-31,1044.96,1057.83,1062.99,1033.04,1660000.0,12,2018,1159.7193365262408,1049.705,-0.009216065536466034,Slight or No change
207,2018-12-28,1046.68,1059.5,1064.23,1042.0,1720000.0,12,2018,1159.1139865201753,1053.1025,0.0016459960189862954,Slight or No change
208,2018-12-27,1052.9,1026.2,1053.34,1007.0,2300000.0,12,2018,1158.3587914773182,1034.8600000000001,0.0059425994573318874,Slight or No change
209,2018-12-26,1047.85,997.99,1048.45,992.64,2320000.0,12,2018,1157.5718711296688,1021.7325,-0.00479627694937812,Slight or No change
210,2018-12-24,984.67,984.32,1012.12,977.66,1820000.0,12,2018,1156.6113703264693,989.6925,-0.060294889535715934,Slight or No change
211,2018-12-21,991.25,1032.04,1037.67,981.19,5230000.0,12,2018,1154.0131002388987,1010.5375,0.0066824418333046864,Slight or No change
212,2018-12-20,1023.58,1026.0,1047.44,1007.86,2680000.0,12,2018,1152.9712905771016,1026.22,0.03261538461538471,Slight or No change
213,2018-12-19,1035.46,1047.29,1075.71,1019.43,2910000.0,12,2018,1151.9609028790792,1044.4725,0.011606322905879374,Slight or No change
214,2018-12-18,1043.41,1034.0,1059.69,1030.48,2180000.0,12,2018,1151.2661714306248,1041.895,0.007677747088250753,Slight or No change
215,2018-12-17,1025.65,1047.01,1062.38,1016.63,2500000.0,12,2018,1150.3509277936007,1037.9175,-0.017021113464505744,Slight or No change
216,2018-12-14,1051.71,1060.02,1071.72,1049.37,1820000.0,12,2018,1149.830473995326,1058.205,0.025408277677570368,Slight or No change
217,2018-12-13,1073.54,1075.67,1088.42,1064.99,1250000.0,12,2018,1149.555011154208,1075.655,0.020756672466744508,Slight or No change
218,2018-12-12,1073.73,1077.08,1091.73,1071.97,1450000.0,12,2018,1149.2387484569624,1078.6275,0.00017698455576886651,Slight or No change
219,2018-12-11,1061.65,1066.94,1070.4,1050.1,1690000.0,12,2018,1148.8150114627274,1062.2725,-0.011250500591396317,Slight or No change
220,2018-12-10,1053.18,1042.94,1059.6,1033.0,1680000.0,12,2018,1148.3572871725091,1047.1799999999998,-0.007978147223661303,Slight or No change
221,2018-12-07,1046.58,1072.23,1085.03,1039.37,2130000.0,12,2018,1147.7434109226588,1060.8025,-0.006266735031048909,Slight or No change
222,2018-12-06,1078.08,1045.0,1079.42,1042.48,2370000.0,12,2018,1147.279004146749,1061.245,0.030098033595138407,Slight or No change
223,2018-12-04,1062.47,1112.99,1114.24,1060.78,2280000.0,12,2018,1146.7385660973846,1087.62,-0.014479444939150987,Slight or No change
224,2018-12-03,1116.36,1132.16,1135.0,1111.73,2880000.0,12,2018,1146.495990524582,1123.8125,0.050721432134554156,Slight or No change
225,2018-11-30,1109.65,1095.63,1109.65,1083.18,2980000.0,11,2018,1146.194050798315,1099.5275000000001,-0.006010605897738941,Slight or No change
226,2018-11-29,1094.58,1083.53,1100.15,1082.0,1550000.0,11,2018,1145.9749892089922,1090.065,-0.013580858829360776,Slight or No change
227,2018-11-28,1091.79,1057.46,1092.86,1042.95,2300000.0,11,2018,1145.6358743182557,1071.2649999999999,-0.0025489228745272374,Slight or No change
228,2018-11-27,1052.28,1051.34,1066.76,1045.5,1650000.0,11,2018,1145.2186014853166,1053.97,-0.0361882779655428,Slight or No change
229,2018-11-26,1055.94,1044.0,1057.0,1039.77,1580000.0,11,2018,1144.8381107085863,1049.1775,0.003478161706009786,Slight or No change
230,2018-11-23,1030.1,1033.5,1043.0,1028.52,708860.0,11,2018,1144.6191439288298,1033.78,-0.024471087372388678,Slight or No change
231,2018-11-21,1043.43,1045.31,1054.7,1039.45,1490000.0,11,2018,1144.21485522097,1045.7224999999999,0.012940491214445293,Slight or No change
232,2018-11-20,1030.45,1007.29,1037.35,1002.21,2720000.0,11,2018,1143.3911110001334,1019.325,-0.012439742004734411,Slight or No change
233,2018-11-19,1027.42,1063.39,1068.0,1022.87,2280000.0,11,2018,1142.691475148326,1045.42,-0.0029404629045561848,Slight or No change
234,2018-11-16,1068.27,1065.23,1072.44,1054.9,1770000.0,11,2018,1142.3445548524644,1065.21,0.03975978665005542,Slight or No change
235,2018-11-15,1071.05,1051.46,1078.87,1041.29,2080000.0,11,2018,1141.9561315338099,1060.6675,0.0026023383601523342,Slight or No change
236,2018-11-14,1054.58,1060.0,1065.79,1041.11,1730000.0,11,2018,1141.5619820152262,1055.37,-0.01537743335978714,Slight or No change
237,2018-11-13,1047.97,1054.81,1066.66,1040.4,1290000.0,11,2018,1141.2482259914655,1052.46,-0.006267898120578708,Slight or No change
238,2018-11-12,1049.36,1073.13,1074.1,1040.35,1700000.0,11,2018,1140.8440615731267,1059.235,0.0013263738465794095,Slight or No change
239,2018-11-09,1077.02,1084.02,1088.35,1064.26,1740000.0,11,2018,1140.5580179964468,1078.4125,0.02635892353434488,Slight or No change
240,2018-11-08,1094.63,1107.3,1108.22,1084.36,1690000.0,11,2018,1140.358961408257,1098.6275,0.016350671296726293,Slight or No change
241,2018-11-07,1108.24,1083.49,1109.93,1080.59,2170000.0,11,2018,1140.1812058502874,1095.5625,0.012433424992919884,Slight or No change
242,2018-11-06,1069.57,1055.02,1079.82,1053.61,1430000.0,11,2018,1139.9246212258508,1064.5049999999999,-0.034893163935609706,Slight or No change
243,2018-11-05,1055.73,1072.53,1073.35,1034.0,2270000.0,11,2018,1139.4417478840633,1058.9025000000001,-0.012939779537571083,Slight or No change
244,2018-11-02,1071.49,1089.0,1098.0,1067.66,2170000.0,11,2018,1139.0712302753254,1081.5375,0.014928059257575343,Slight or No change
245,2018-11-01,1085.98,1091.4,1099.9,1077.82,2009999.9999999998,11,2018,1138.8044342237388,1088.775,0.01352322466845246,Slight or No change
246,2018-10-31,1090.58,1068.2,1108.0,1068.2,3550000.0,10,2018,1138.380187492869,1083.745,0.004235805447614149,Slight or No change
247,2018-10-30,1049.51,1020.01,1050.9,1013.97,2990000.0,10,2018,1137.726539075415,1033.5975,-0.037658860422894236,Slight or No change
248,2018-10-29,1034.73,1096.54,1108.83,1007.2,4059999.9999999995,10,2018,1136.7080655776929,1061.825,-0.014082762431992024,Slight or No change
249,2018-10-26,1083.75,1048.33,1117.0,1042.23,5320000.0,10,2018,1136.030652311843,1072.8274999999999,0.0473746774520889,Slight or No change
250,2018-10-25,1103.59,1080.3,1117.82,1075.55,3650000.0,10,2018,1135.7484259356452,1094.315,0.018306805074971066,Slight or No change
251,2018-10-24,1057.12,1115.0,1116.62,1055.06,2460000.0,10,2018,1135.2900826907198,1085.9499999999998,-0.04210802924999324,Slight or No change
252,2018-10-23,1114.91,1091.29,1118.0,1079.01,1880000.0,10,2018,1135.199694953713,1100.8025,0.05466739821401556,Slight or No change
253,2018-10-22,1111.37,1112.51,1121.69,1100.0,1360000.0,10,2018,1135.1234849529365,1111.3925,-0.003175144182041789,Slight or No change
254,2018-10-19,1105.18,1103.71,1120.95,1097.03,2060000.0,10,2018,1134.9791320870968,1106.7175,-0.005569702259373366,Slight or No change
255,2018-10-18,1097.91,1130.0,1132.35,1086.34,2310000.0,10,2018,1134.7798176234742,1111.6499999999999,-0.006578113972384614,Slight or No change
256,2018-10-17,1127.59,1140.0,1147.0,1114.0,1780000.0,10,2018,1134.7501517835792,1132.1475,0.02703318122614773,Slight or No change
257,2018-10-16,1133.08,1113.48,1136.37,1111.75,1920000.0,10,2018,1134.742751517189,1123.67,0.0048687909612536995,Slight or No change
258,2018-10-15,1102.44,1118.0,1121.8,1098.22,1500000.0,10,2018,1134.6313168846368,1110.115,-0.027041338652169178,Slight or No change
259,2018-10-12,1120.54,1119.64,1125.83,1095.03,2470000.0,10,2018,1134.5517233271714,1115.26,0.01641812706360435,Slight or No change
260,2018-10-11,1090.74,1079.04,1116.06,1075.89,3380000.0,10,2018,1134.215682158221,1090.4325,-0.026594320595427212,Slight or No change
261,2018-10-10,1092.16,1136.4,1137.02,1091.51,2950000.0,10,2018,1133.9360194731953,1114.2725,0.001301868456277555,Slight or No change
262,2018-10-09,1145.17,1151.31,1161.55,1144.17,1680000.0,10,2018,1133.9784022297902,1150.55,0.04853684441840023,Slight or No change
263,2018-10-08,1155.92,1160.0,1175.86,1135.4,2310000.0,10,2018,1134.0916368951366,1156.795,0.0093872525476566,Slight or No change
264,2018-10-05,1167.83,1176.0,1182.0,1154.32,1590000.0,10,2018,1134.2110577953197,1170.0375,0.010303481209772203,Slight or No change
265,2018-10-04,1177.07,1205.03,1205.9,1163.85,2330000.0,10,2018,1134.4322193936239,1187.9625,0.007912110495534419,Slight or No change
266,2018-10-03,1211.53,1212.0,1214.18,1202.15,1310000.0,10,2018,1134.6552514838097,1209.9650000000001,0.029276083835285904,Slight or No change
267,2018-10-02,1207.64,1206.67,1224.52,1199.66,2009999.9999999998,10,2018,1134.9777731858962,1209.6225000000002,-0.0032108160755407456,Slight or No change
268,2018-10-01,1208.53,1213.0,1224.2,1203.19,1660000.0,10,2018,1135.2452293372594,1212.23,0.0007369745950778217,Slight or No change
269,2018-09-28,1207.08,1204.09,1208.45,1197.83,1780000.0,9,2018,1135.5242351860743,1204.3625,-0.0011998047214384355,Slight or No change
270,2018-09-27,1207.36,1200.0,1216.86,1198.05,1810000.0,9,2018,1135.8068312067426,1205.5674999999999,0.0002319647413593362,Slight or No change
271,2018-09-26,1194.06,1193.69,1207.24,1185.4,1880000.0,9,2018,1136.043888441492,1195.0974999999999,-0.011015769944341391,Slight or No change
272,2018-09-25,1193.89,1184.25,1196.86,1174.09,1660000.0,9,2018,1136.250998098788,1187.2725,-0.00014237140512185498,Slight or No change
273,2018-09-24,1179.56,1159.41,1185.19,1151.5,1560000.0,9,2018,1136.3962300121916,1168.915,-0.012002780825704384,Slight or No change
274,2018-09-21,1172.12,1194.92,1196.58,1172.06,4560000.0,9,2018,1136.7430028677556,1183.92,-0.006307436671301181,Slight or No change
275,2018-09-20,1191.57,1180.67,1194.0,1176.25,1460000.0,9,2018,1136.9128751829182,1185.6225,0.01659386410947694,Slight or No change
276,2018-09-19,1174.27,1168.96,1176.27,1158.62,1300000.0,9,2018,1137.015652105087,1169.53,-0.014518660254957738,Slight or No change
277,2018-09-18,1167.11,1162.66,1181.33,1161.42,1620000.0,9,2018,1137.118475601397,1168.13,-0.006097405196419992,Slight or No change
278,2018-09-17,1159.83,1177.77,1181.82,1158.45,1700000.0,9,2018,1137.1996152782774,1169.4675,-0.006237629700713732,Slight or No change
279,2018-09-14,1177.98,1188.0,1188.0,1173.52,1210000.0,9,2018,1137.3030512992445,1181.875,0.015648845089366592,Slight or No change
280,2018-09-13,1182.14,1179.7,1187.86,1169.22,2000000.0,9,2018,1137.490241979206,1179.73,0.0035314691251124852,Slight or No change
281,2018-09-12,1171.6,1182.0,1190.69,1166.16,1790000.0,9,2018,1137.6172204537932,1177.6125,-0.008916033633918352,Slight or No change
282,2018-09-11,1189.99,1171.1,1190.94,1165.95,1460000.0,9,2018,1137.7757609615967,1179.4950000000001,0.015696483441447695,Slight or No change
283,2018-09-10,1175.06,1184.2,1186.66,1170.61,1380000.0,9,2018,1137.8821373571197,1179.1325,-0.012546323918688485,Slight or No change
284,2018-09-07,1177.59,1172.0,1188.55,1169.27,1630000.0,9,2018,1138.0155029833647,1176.8525,0.0021530815447721174,Slight or No change
285,2018-09-06,1183.99,1198.57,1198.99,1163.61,2340000.0,9,2018,1138.2361122005511,1186.29,0.00543482876043444,Slight or No change
286,2018-09-05,1199.1,1209.22,1214.87,1175.34,2700000.0,9,2018,1138.5712445246372,1199.6325,0.012761932110912921,Slight or No change
287,2018-09-04,1211.31,1222.52,1227.87,1206.56,2069999.9999999998,9,2018,1138.8770178352233,1217.065,0.010182636977733361,Slight or No change
288,2018-08-31,1231.8,1252.21,1252.55,1225.75,2120000.0,8,2018,1139.2753603191063,1240.5775,0.016915570745721586,Slight or No change
289,2018-08-30,1254.44,1263.4,1269.49,1247.21,1510000.0,8,2018,1139.625926244531,1258.635,0.01837960707907138,Slight or No change
290,2018-08-29,1264.65,1255.0,1267.17,1252.8,1850000.0,8,2018,1140.090465378384,1259.905,0.008139089952488687,Slight or No change
291,2018-08-28,1245.86,1255.9,1256.56,1242.97,1370000.0,8,2018,1140.3806970145356,1250.3225,-0.014857865812675564,Slight or No change
292,2018-08-27,1256.27,1244.14,1257.87,1240.68,1430000.0,8,2018,1140.7116763351098,1249.74,0.008355673992262336,Slight or No change
293,2018-08-24,1236.75,1226.0,1237.4,1221.42,1220000.0,8,2018,1140.9451129440508,1230.3925,-0.015538061085594634,Slight or No change
294,2018-08-23,1221.16,1219.88,1235.17,1219.35,1230000.0,8,2018,1141.1412057579207,1223.8899999999999,-0.012605619567414572,Slight or No change
295,2018-08-22,1221.75,1214.22,1226.53,1213.22,1110000.0,8,2018,1141.3186451145505,1218.93,0.0004831471715418534,Slight or No change
296,2018-08-21,1217.41,1223.02,1232.76,1215.03,1150000.0,8,2018,1141.4917815208958,1222.055,-0.0035522815633312055,Slight or No change
297,2018-08-20,1221.95,1220.66,1225.91,1208.7,1110000.0,8,2018,1141.6680992025051,1219.305,0.0037292284439918166,Slight or No change
298,2018-08-17,1215.85,1222.04,1226.95,1204.0,1650000.0,8,2018,1141.908963236554,1217.21,-0.004992020950120857,Slight or No change
299,2018-08-16,1224.06,1241.99,1243.7,1219.63,1610000.0,8,2018,1142.1684141545622,1232.345,0.006752477690504577,Slight or No change
300,2018-08-15,1232.22,1244.28,1251.98,1226.24,1850000.0,8,2018,1142.4940304830582,1238.68,0.0066663398852997435,Slight or No change
301,2018-08-14,1258.14,1252.5,1260.59,1239.54,1400000.0,8,2018,1142.80961439919,1252.6925,0.021035204752398062,Slight or No change
302,2018-08-13,1248.64,1251.2,1265.97,1247.03,1380000.0,8,2018,1143.0935233930031,1253.21,-0.007550829001541914,Slight or No change
303,2018-08-10,1252.51,1259.18,1261.2,1247.16,1330000.0,8,2018,1143.3756880673534,1255.0125,0.003099372116863064,Slight or No change
304,2018-08-09,1264.46,1262.73,1271.96,1260.1,1370000.0,8,2018,1143.6964808597797,1264.8125,0.009540841989285509,Slight or No change
305,2018-08-08,1261.33,1256.72,1271.72,1252.12,1720000.0,8,2018,1144.0864529734802,1260.4725,-0.0024753649779353237,Slight or No change
306,2018-08-07,1255.84,1252.01,1266.08,1251.8,2130000.0,8,2018,1144.543368210155,1256.4325,-0.004352548500392461,Slight or No change
307,2018-08-06,1237.67,1241.61,1242.46,1230.53,1110000.0,8,2018,1144.7413691438337,1238.0674999999999,-0.014468403618295156,Slight or No change
308,2018-08-03,1238.16,1245.18,1246.52,1229.42,1060000.0,8,2018,1144.9306596534084,1239.8200000000002,0.00039590520898147297,Slight or No change
309,2018-08-02,1241.13,1218.5,1244.41,1218.06,1740000.0,8,2018,1145.249570065091,1230.525,0.002398720682302846,Slight or No change
310,2018-08-01,1232.99,1239.11,1245.9,1224.94,1850000.0,8,2018,1145.5577403691532,1235.7350000000001,-0.006558539395550955,Slight or No change
311,2018-07-31,1227.22,1231.71,1241.21,1216.19,1970000.0,7,2018,1145.8620289368225,1229.0825,-0.00467968110041439,Slight or No change
312,2018-07-30,1230.04,1245.05,1252.89,1224.17,2190000.0,7,2018,1146.2092813885927,1238.0375000000001,0.0022978765013608182,Slight or No change
313,2018-07-27,1252.89,1289.12,1291.44,1244.49,2420000.0,7,2018,1146.6933744248183,1269.4850000000001,0.01857663165425527,Slight or No change
314,2018-07-26,1285.5,1267.18,1287.4,1263.0,2730000.0,7,2018,1147.400314939947,1275.77,0.026027823671671113,Slight or No change
315,2018-07-25,1275.94,1252.62,1278.24,1249.05,2580000.0,7,2018,1148.0160326623804,1263.9625,-0.007436795021392384,Slight or No change
316,2018-07-24,1258.15,1271.0,1275.0,1244.14,5380000.0,7,2018,1149.1052430668533,1262.0725,-0.01394266188065263,Slight or No change
317,2018-07-23,1211.0,1195.66,1215.1,1192.01,3270000.0,7,2018,1149.4750772512455,1203.4424999999999,-0.03747565870524194,Slight or No change
318,2018-07-20,1197.88,1199.24,1210.77,1196.59,1900000.0,7,2018,1149.64254970436,1201.12,-0.010834021469859567,Slight or No change
319,2018-07-19,1199.1,1206.65,1216.48,1197.73,1920000.0,7,2018,1149.8148624692394,1204.99,0.001018465956523107,Slight or No change
320,2018-07-18,1212.91,1208.53,1221.59,1204.56,1950000.0,7,2018,1150.037337340245,1211.8975,0.011516971061629633,Slight or No change
321,2018-07-17,1213.08,1182.74,1218.76,1182.0,2009999.9999999998,7,2018,1150.2656371121216,1199.145,0.00014015879166628942,Slight or No change
322,2018-07-16,1196.51,1203.81,1208.71,1193.4,1340000.0,7,2018,1150.3770130170494,1200.6075,-0.013659445378705337,Slight or No change
323,2018-07-13,1204.42,1202.8,1210.44,1195.29,1630000.0,7,2018,1150.5348773891728,1203.2375000000002,0.006610893348154345,Slight or No change
324,2018-07-12,1201.26,1174.86,1201.99,1173.1,2210000.0,7,2018,1150.7349814641034,1187.8024999999998,-0.002623669484067115,Slight or No change
325,2018-07-11,1171.46,1155.62,1180.44,1155.37,1660000.0,7,2018,1150.796210667211,1165.7224999999999,-0.024807285683365765,Slight or No change
326,2018-07-10,1167.14,1169.99,1173.5,1162.56,1070000.0,7,2018,1150.8272752751448,1168.2975000000001,-0.003687705939596664,Slight or No change
327,2018-07-09,1167.28,1160.0,1167.93,1157.23,1080000.0,7,2018,1150.85877875666,1163.1100000000001,0.00011995133402997737,Slight or No change
328,2018-07-06,1155.08,1141.77,1156.2,1137.24,1090000.0,7,2018,1150.8669206068193,1147.5725,-0.010451648276334713,Slight or No change
329,2018-07-05,1141.29,1124.6,1144.14,1123.12,1430000.0,7,2018,1150.842748035358,1133.2875,-0.01193856702566054,Slight or No change
330,2018-07-03,1116.28,1149.42,1149.91,1114.43,822390.0,7,2018,1150.792650419132,1132.51,-0.02191379929728643,Slight or No change
331,2018-07-02,1142.11,1115.35,1142.99,1106.6,1160000.0,7,2018,1150.7749348843085,1126.7624999999998,0.02313935571720349,Slight or No change
332,2018-06-29,1129.19,1132.31,1141.36,1127.02,1580000.0,6,2018,1150.7151148679225,1132.4699999999998,-0.011312395478544013,Slight or No change
333,2018-06-28,1126.78,1112.39,1134.0,1106.07,1490000.0,6,2018,1150.6527231522928,1119.81,-0.002134273240110285,Slight or No change
334,2018-06-27,1116.94,1136.0,1146.21,1116.7,1730000.0,6,2018,1150.5509969944715,1128.9625,-0.008732849358348505,Slight or No change
335,2018-06-26,1132.62,1144.14,1146.87,1129.0,1730000.0,6,2018,1150.4970540361396,1138.1575,0.014038354790767427,Slight or No change
336,2018-06-25,1139.28,1155.0,1155.99,1119.9,2880000.0,6,2018,1150.4411573657885,1142.5425,0.005880171637442366,Slight or No change
337,2018-06-22,1169.29,1171.49,1175.0,1159.65,1710000.0,6,2018,1150.4967621755113,1168.8575,0.02634119794958223,Slight or No change
338,2018-06-21,1169.44,1185.51,1190.33,1163.48,2250000.0,6,2018,1150.570008490927,1177.19,0.00012828297513878262,Slight or No change
339,2018-06-20,1184.07,1183.3,1201.49,1182.03,2580000.0,6,2018,1150.717882609751,1187.7224999999999,0.012510261321658112,Slight or No change
340,2018-06-19,1178.69,1170.11,1182.81,1161.61,2360000.0,6,2018,1150.830372908128,1173.305,-0.0045436502909455,Slight or No change
341,2018-06-18,1183.58,1152.69,1184.13,1151.0,1650000.0,6,2018,1150.92219531136,1167.85,0.004148673527390567,Slight or No change
342,2018-06-15,1159.27,1159.92,1163.91,1153.69,2220000.0,6,2018,1150.9535677573087,1159.1975000000002,-0.020539380523496464,Slight or No change
343,2018-06-14,1160.11,1152.21,1165.99,1150.6,1770000.0,6,2018,1150.9809219129775,1157.2275,0.0007245939254876266,Slight or No change
344,2018-06-13,1144.23,1152.28,1155.64,1143.38,1720000.0,6,2018,1150.961380482682,1148.8825000000002,-0.013688357138547103,Slight or No change
345,2018-06-12,1148.19,1141.02,1148.75,1141.02,1300000.0,6,2018,1150.955330484976,1144.745,0.0034608426627513733,Slight or No change
346,2018-06-11,1140.9,1132.94,1147.74,1131.4,1240000.0,6,2018,1150.934436063121,1138.245,-0.006349123402921042,Slight or No change
347,2018-06-08,1132.71,1131.21,1138.78,1123.23,1360000.0,6,2018,1150.892996355296,1131.4825,-0.007178543255324743,Slight or No change
348,2018-06-07,1134.42,1144.58,1145.87,1126.12,1810000.0,6,2018,1150.8432956486206,1137.7475,0.0015096538390233505,Slight or No change
349,2018-06-06,1146.95,1152.77,1154.71,1136.32,1750000.0,6,2018,1150.831971598342,1147.6875,0.011045291867209706,Slight or No change
350,2018-06-05,1151.02,1154.66,1161.1,1147.46,1650000.0,6,2018,1150.8324858365916,1153.56,0.0035485417847334055,Slight or No change
351,2018-06-04,1153.04,1138.5,1157.86,1137.0,2240000.0,6,2018,1150.8406516418772,1146.6,0.0017549651613351092,Slight or No change
352,2018-06-01,1135.0,1112.87,1138.16,1112.01,3160000.0,6,2018,1150.7584184374955,1124.51,-0.01564559772427665,Slight or No change
353,2018-05-31,1100.0,1082.0,1110.0,1078.0,3970000.0,5,2018,1150.4295195344505,1092.5,-0.03083700440528636,Slight or No change
354,2018-05-30,1077.47,1073.48,1078.99,1066.55,1430000.0,5,2018,1150.259628922974,1074.1225,-0.020481818181818157,Slight or No change
355,2018-05-29,1068.07,1076.0,1081.34,1063.08,1800000.0,5,2018,1150.0194306820404,1072.1225,-0.008724140811345205,Slight or No change
356,2018-05-25,1084.08,1086.55,1089.57,1082.6,1110000.0,5,2018,1149.9008083416988,1085.6999999999998,0.014989654236145622,Slight or No change
357,2018-05-24,1085.45,1086.9,1087.12,1072.3,1030000.0,5,2018,1149.7933996209097,1082.9425,0.0012637443731091658,Slight or No change
358,2018-05-23,1085.96,1070.0,1088.0,1066.96,1190000.0,5,2018,1149.6707309950316,1077.73,0.0004698512137824018,Slight or No change
359,2018-05-22,1075.31,1089.8,1091.8,1072.26,1110000.0,5,2018,1149.537677154929,1082.2925,-0.009806991049394198,Slight or No change
360,2018-05-21,1084.01,1079.0,1093.3,1078.0,1260000.0,5,2018,1149.4048536605874,1083.5775,0.008090690126568267,Slight or No change
361,2018-05-18,1069.64,1066.0,1073.73,1064.68,1770000.0,5,2018,1149.1783738166812,1068.5125,-0.01325633527365977,Slight or No change
362,2018-05-17,1081.26,1081.46,1091.0,1076.42,1290000.0,5,2018,1149.0381170162389,1082.535,0.010863468082719319,Slight or No change
363,2018-05-16,1084.09,1085.09,1094.38,1081.63,1280000.0,5,2018,1148.9053058828797,1086.2975000000001,0.002617316834063965,Slight or No change
364,2018-05-15,1084.87,1096.9,1099.12,1078.78,1790000.0,5,2018,1148.722710279726,1089.9175,0.0007194974586981484,Slight or No change
365,2018-05-14,1106.6,1105.57,1118.15,1104.8,1970000.0,5,2018,1148.5909332998704,1108.78,0.020030049683372297,Slight or No change
366,2018-05-11,1103.38,1100.41,1109.01,1097.22,1530000.0,5,2018,1148.4813516071697,1102.505,-0.0029098138442072985,Slight or No change
367,2018-05-10,1105.47,1095.0,1109.41,1093.88,1820000.0,5,2018,1148.357697876328,1100.94,0.0018941797023690476,Slight or No change
368,2018-05-09,1088.95,1064.1,1094.0,1062.11,2360000.0,5,2018,1148.1370542054417,1077.29,-0.0149438700281328,Slight or No change
369,2018-05-08,1058.59,1064.62,1065.23,1051.64,1300000.0,5,2018,1147.9542257470107,1060.02,-0.027880067955370014,Slight or No change
370,2018-05-07,1059.46,1053.89,1065.0,1050.27,1720000.0,5,2018,1147.715817688291,1057.1550000000002,0.0008218479297934511,Slight or No change
371,2018-05-04,1051.0,1019.61,1051.88,1018.05,1840000.0,5,2018,1147.437882815872,1035.135,-0.007985200007551096,Slight or No change
372,2018-05-03,1026.3,1025.37,1030.69,1007.89,1960000.0,5,2018,1147.0681939651329,1022.5625,-0.02350142721217896,Slight or No change
373,2018-05-02,1026.05,1034.0,1043.98,1023.16,1730000.0,5,2018,1146.743085113118,1031.7975000000001,-0.00024359349118197038,Slight or No change
374,2018-05-01,1040.75,1016.3,1041.73,1010.61,1770000.0,5,2018,1146.4525552520104,1027.3475,0.014326787193606583,Slight or No change
375,2018-04-30,1018.58,1034.42,1038.37,1018.3,1720000.0,4,2018,1146.1128591838547,1027.4175,-0.021301945712226766,Slight or No change
376,2018-04-27,1031.45,1045.54,1051.69,1027.59,2040000.0,4,2018,1145.752719102178,1039.0674999999999,0.012635237291130696,Slight or No change
377,2018-04-26,1043.31,1033.22,1052.02,1020.45,2550000.0,4,2018,1145.352094083327,1037.25,0.011498376072519134,Slight or No change
378,2018-04-25,1022.99,1029.75,1036.07,1017.01,2890000.0,4,2018,1144.8121597712852,1026.455,-0.019476473914752046,Slight or No change
379,2018-04-24,1022.64,1059.2,1064.49,1012.86,6410000.0,4,2018,1143.6280372412652,1039.7975,-0.00034213433171392804,Slight or No change
380,2018-04-23,1073.81,1082.98,1088.0,1066.68,3480000.0,4,2018,1143.2625821603115,1077.8675,0.05003715872643344,Slight or No change
381,2018-04-20,1077.32,1084.27,1094.75,1072.1,2120000.0,4,2018,1143.052974923123,1082.1100000000001,0.0032687346923572225,Slight or No change
382,2018-04-19,1089.45,1069.02,1097.51,1069.02,1990000.0,4,2018,1142.8935146325591,1081.25,0.011259421527494151,Slight or No change
383,2018-04-18,1075.39,1079.01,1082.0,1070.52,1560000.0,4,2018,1142.7364602882665,1076.73,-0.012905594566065437,Slight or No change
384,2018-04-17,1079.36,1061.2,1085.0,1057.09,2730000.0,4,2018,1142.4794651382972,1070.6625,0.003691683947218971,Slight or No change
385,2018-04-16,1046.1,1045.55,1051.43,1033.92,1490000.0,4,2018,1142.266629199663,1044.25,-0.030814556774384827,Slight or No change
386,2018-04-13,1036.04,1046.89,1052.98,1030.15,1270000.0,4,2018,1142.0670594921573,1041.515,-0.009616671446324387,Slight or No change
387,2018-04-12,1037.29,1031.47,1044.65,1026.05,1640000.0,4,2018,1141.8134793707873,1034.865,0.0012065171228909932,Slight or No change
388,2018-04-11,1025.06,1032.0,1035.87,1019.2,1700000.0,4,2018,1141.5213092898248,1028.0325,-0.011790338285339708,Slight or No change
389,2018-04-10,1036.5,1030.26,1041.21,1015.41,1840000.0,4,2018,1141.2376235363363,1030.845,0.011160322322595784,Slight or No change
390,2018-04-09,1020.09,1020.04,1044.59,1019.2,1660000.0,4,2018,1140.9431080154873,1025.98,-0.01583212735166417,Slight or No change
391,2018-04-06,1009.95,1023.1,1036.0,1006.25,2009999.9999999998,4,2018,1140.55864622437,1018.825,-0.00994029938534835,Slight or No change
392,2018-04-05,1032.64,1046.39,1046.71,1024.0,1790000.0,4,2018,1140.2773107154242,1037.435,0.022466458735580952,Slight or No change
393,2018-04-04,1029.71,998.23,1032.74,996.51,2540000.0,4,2018,1139.8698066813279,1014.2975000000001,-0.0028373876665633846,Slight or No change
394,2018-04-03,1018.68,1016.15,1025.0,997.25,2570000.0,4,2018,1139.4195562392515,1014.27,-0.010711753794757861,Slight or No change
395,2018-04-02,1012.63,1027.62,1039.53,994.25,3250000.0,4,2018,1138.8266498659332,1018.5074999999999,-0.005939058389288099,Slight or No change
396,2018-03-29,1037.14,1011.21,1048.05,1004.04,3470000.0,3,2018,1138.3214657150215,1025.1100000000001,0.02420429969485416,Slight or No change
397,2018-03-28,1005.18,1001.91,1024.99,984.0,3880000.0,3,2018,1137.5859439809412,1004.02,-0.030815511888462654,Slight or No change
398,2018-03-27,1006.94,1063.9,1064.54,997.62,3040000.0,3,2018,1137.0228975153045,1033.25,0.0017509301816591716,Slight or No change
399,2018-03-26,1054.09,1050.6,1059.27,1010.58,3300000.0,3,2018,1136.6367186732884,1043.635,0.04682503426222007,Slight or No change
400,2018-03-23,1026.55,1051.37,1066.78,1024.87,2490000.0,3,2018,1136.2512769476623,1042.3925,-0.026126801316775583,Slight or No change
401,2018-03-22,1053.15,1080.01,1083.92,1049.64,3470000.0,3,2018,1135.8477730424095,1066.68,0.0259120354585749,Slight or No change
402,2018-03-21,1094.0,1092.57,1108.7,1087.21,2240000.0,3,2018,1135.7170139782968,1095.62,0.03878839671461787,Slight or No change
403,2018-03-20,1095.8,1098.4,1105.55,1082.42,2730000.0,3,2018,1135.5655806704117,1095.5425,0.001645338208409397,Slight or No change
404,2018-03-19,1100.07,1117.76,1119.37,1088.92,3180000.0,3,2018,1135.4094144193084,1106.53,0.0038966964774593826,Slight or No change
405,2018-03-16,1134.42,1155.35,1156.81,1131.36,2930000.0,3,2018,1135.4054198065276,1144.485,0.03122528566363969,Slight or No change
406,2018-03-15,1150.61,1149.57,1162.5,1135.66,1670000.0,3,2018,1135.4403275283732,1149.585,0.014271610162021053,Slight or No change
407,2018-03-14,1148.89,1145.8,1159.76,1142.35,2089999.9999999998,3,2018,1135.4788613905123,1149.1999999999998,-0.001494859248572289,Slight or No change
408,2018-03-13,1139.91,1171.83,1178.0,1134.57,2160000.0,3,2018,1135.4919432531804,1156.0774999999999,-0.00781624002297876,Slight or No change
409,2018-03-12,1165.93,1165.05,1178.16,1159.2,2220000.0,3,2018,1135.584020987991,1167.085,0.022826363484836465,Slight or No change
410,2018-03-09,1160.84,1139.5,1161.0,1134.29,2130000.0,3,2018,1135.6571129887877,1148.9075,-0.004365613716089456,Slight or No change
411,2018-03-08,1129.38,1117.2,1131.44,1117.2,1690000.0,3,2018,1135.6427324022861,1123.805,-0.027101064746218095,Slight or No change
412,2018-03-07,1115.04,1092.82,1116.2,1089.91,1540000.0,3,2018,1135.5998114058796,1103.4924999999998,-0.012697232109653234,Slight or No change
413,2018-03-06,1100.9,1102.1,1105.63,1094.5,1170000.0,3,2018,1135.5449773467071,1100.7825,-0.01268115942028969,Slight or No change
414,2018-03-05,1094.76,1078.13,1101.18,1072.27,1430000.0,3,2018,1135.466356866277,1086.585,-0.005577254973203827,Slight or No change
415,2018-03-02,1084.14,1057.98,1086.89,1050.11,2510000.0,3,2018,1135.2932769754393,1069.78,-0.009700756330154436,Slight or No change
416,2018-03-01,1071.41,1109.54,1111.27,1067.29,2770000.0,3,2018,1135.0564199879836,1089.8775,-0.011742025937609535,Slight or No change
417,2018-02-28,1103.92,1122.0,1127.65,1103.0,2460000.0,2,2018,1134.9542330535396,1114.1425,0.030343192615338577,Slight or No change
418,2018-02-27,1117.51,1143.7,1144.25,1116.79,2150000.0,2,2018,1134.904340238575,1130.5625,0.012310674686571321,Slight or No change
419,2018-02-26,1143.7,1131.86,1144.2,1129.34,1550000.0,2,2018,1134.9224391816053,1137.275,0.02343603189233212,Slight or No change
420,2018-02-23,1128.09,1118.66,1129.0,1108.44,1260000.0,2,2018,1134.9110294989232,1121.0475000000001,-0.013648684095479702,Slight or No change
421,2018-02-22,1109.9,1119.17,1125.46,1105.15,1400000.0,2,2018,1134.8647080885053,1114.92,-0.016124599987589527,Slight or No change
422,2018-02-21,1113.75,1109.1,1136.2,1107.51,2069999.9999999998,2,2018,1134.80704605384,1116.64,0.003468780971258578,Slight or No change
423,2018-02-20,1103.59,1092.76,1116.29,1090.0,1690000.0,2,2018,1134.737600278179,1100.6599999999999,-0.009122334455667902,Slight or No change
424,2018-02-16,1095.5,1093.38,1108.31,1091.55,2000000.0,2,2018,1134.6345716532353,1097.185,-0.007330620973368673,Slight or No change
425,2018-02-15,1091.36,1083.45,1094.1,1067.23,1870000.0,2,2018,1134.5285889654851,1084.0349999999999,-0.0037790963030580604,Slight or No change
426,2018-02-14,1072.7,1054.32,1075.47,1049.8,2069999.9999999998,2,2018,1134.361424315793,1063.0725,-0.017097932854420073,Slight or No change
427,2018-02-13,1054.14,1050.0,1061.22,1046.92,1580000.0,2,2018,1134.1962141005436,1053.0700000000002,-0.017302134800037283,Slight or No change
428,2018-02-12,1054.56,1056.67,1065.57,1045.49,2810000.0,2,2018,1133.905598714786,1055.5725,0.00039842905116960203,Slight or No change
429,2018-02-09,1046.27,1025.88,1051.72,997.0,4920000.0,2,2018,1133.349206247086,1030.2175,-0.007861098467607297,Slight or No change
430,2018-02-08,1007.71,1059.87,1063.93,1004.7,3340000.0,2,2018,1132.8100192324428,1034.0525,-0.03685473157024477,Slight or No change
431,2018-02-07,1055.41,1084.97,1086.53,1054.62,2600000.0,2,2018,1132.5523077622292,1070.3825,0.04733504678925482,Slight or No change
432,2018-02-06,1084.43,1033.98,1087.38,1030.01,3830000.0,2,2018,1132.3174312186995,1058.95,0.02749642319098733,Slight or No change
433,2018-02-05,1062.39,1100.61,1114.99,1056.74,4179999.9999999995,2,2018,1131.946911777477,1083.6825,-0.020324041201368437,Slight or No change
434,2018-02-02,1119.2,1127.42,1131.3,1111.17,5890000.0,2,2018,1131.8524454758158,1122.2725,0.053473771402215764,Slight or No change
435,2018-02-01,1181.59,1175.99,1187.45,1169.36,3680000.0,2,2018,1132.0816813768747,1178.5974999999999,0.05574517512508925,Slight or No change
436,2018-01-31,1182.22,1183.81,1186.32,1172.1,1800000.0,1,2018,1132.194456862274,1181.1124999999997,0.0005331798678054334,Slight or No change
437,2018-01-30,1177.37,1177.72,1187.93,1174.51,1870000.0,1,2018,1132.2997751440935,1179.3825000000002,-0.004102451320397327,Slight or No change
438,2018-01-29,1186.48,1188.0,1198.0,1184.06,1570000.0,1,2018,1132.4056151890843,1189.135,0.007737584616560822,Slight or No change
439,2018-01-26,1187.56,1187.53,1187.56,1168.03,2110000.0,1,2018,1132.5500371930639,1182.67,0.00091025554581603,Slight or No change
440,2018-01-25,1182.14,1180.71,1185.0,1171.84,1500000.0,1,2018,1132.6421771961416,1179.9225000000001,-0.004563979925224726,Slight or No change
441,2018-01-24,1171.29,1184.98,1187.05,1167.4,1860000.0,1,2018,1132.731015796845,1177.6799999999998,-0.009178269917268778,Slight or No change
442,2018-01-23,1176.17,1170.62,1178.51,1167.25,1960000.0,1,2018,1132.8359818250603,1173.1375,0.004166346506842888,Slight or No change
443,2018-01-22,1164.16,1143.82,1166.88,1141.82,1480000.0,1,2018,1132.8930324636688,1154.17,-0.010211108938333768,Slight or No change
444,2018-01-19,1143.5,1138.03,1143.78,1132.5,1530000.0,1,2018,1132.9129661243383,1139.4524999999999,-0.017746701484332106,Slight or No change
445,2018-01-18,1135.97,1139.35,1140.59,1124.46,1370000.0,1,2018,1132.9181017694505,1135.0925,-0.006585045911674636,Slight or No change
446,2018-01-17,1139.1,1136.36,1139.32,1123.49,1390000.0,1,2018,1132.9286206912634,1134.5674999999999,0.0027553544547831432,Slight or No change
447,2018-01-16,1130.7,1140.31,1148.88,1126.66,1820000.0,1,2018,1132.923666467586,1136.6375,-0.007374242823281474,Slight or No change
448,2018-01-12,1130.65,1110.1,1131.3,1108.01,1930000.0,1,2018,1132.9183192291775,1120.015,-4.4220394445848576e-05,Slight or No change
449,2018-01-11,1112.05,1112.31,1114.85,1106.48,1120000.0,1,2018,1132.889877325406,1111.4225,-0.01645071419095223,Slight or No change
450,2018-01-10,1110.14,1107.0,1112.78,1103.98,1040000.0,1,2018,1132.8611221326034,1108.475,-0.0017175486713725263,Slight or No change
451,2018-01-09,1112.79,1118.44,1118.44,1108.2,1340000.0,1,2018,1132.8284878830623,1114.4675,0.0023870863134378695,Slight or No change
452,2018-01-08,1114.21,1111.0,1119.16,1110.0,1230000.0,1,2018,1132.800741970541,1113.5925,0.0012760718554265527,Slight or No change
453,2018-01-05,1110.29,1103.45,1113.58,1101.8,1510000.0,1,2018,1132.7596343397697,1107.28,-0.0035181877742975765,Slight or No change
454,2018-01-04,1095.76,1097.09,1104.08,1094.26,1300000.0,1,2018,1132.7015559955573,1097.7975,-0.013086671049905907,Slight or No change
455,2018-01-03,1091.52,1073.93,1096.1,1073.43,1570000.0,1,2018,1132.6236352091423,1083.745,-0.0038694604657953935,Slight or No change
456,2018-01-02,1073.21,1053.02,1075.98,1053.02,1590000.0,1,2018,1132.510002657265,1063.8075,-0.01677477279390205,Slight or No change
457,2017-12-29,1053.4,1055.49,1058.05,1052.7,1180000.0,12,2017,1132.3978739227616,1054.91,-0.018458642763298783,Slight or No change
458,2017-12-28,1055.95,1062.25,1064.84,1053.38,994250.0,12,2017,1132.3066841414,1059.105,0.002420732865008546,Slight or No change
459,2017-12-27,1060.2,1066.6,1068.27,1058.38,1120000.0,12,2017,1132.209924212747,1063.3625000000002,0.004024811780860782,Slight or No change
460,2017-12-26,1065.85,1068.64,1068.86,1058.64,918770.0,12,2017,1132.1369554688038,1065.4975,0.0053291831729860295,Slight or No change
461,2017-12-22,1068.86,1070.0,1071.72,1067.64,889450.0,12,2017,1132.0696687675954,1069.555,0.002824037153445591,Slight or No change
462,2017-12-21,1070.85,1075.39,1077.52,1069.0,1280000.0,12,2017,1131.9761284195163,1073.19,0.0018617966805756225,Slight or No change
463,2017-12-20,1073.56,1080.92,1081.23,1068.6,1440000.0,12,2017,1131.875886952466,1076.0774999999999,0.0025306999112855166,Slight or No change
464,2017-12-19,1079.78,1083.02,1084.97,1072.27,1320000.0,12,2017,1131.794069318756,1080.0100000000002,0.005793807518909011,Slight or No change
465,2017-12-18,1085.09,1076.45,1086.49,1070.37,1510000.0,12,2017,1131.7103122110066,1079.6,0.004917668413936038,Slight or No change
466,2017-12-15,1072.0,1063.78,1075.25,1060.09,3190000.0,12,2017,1131.4849465406392,1067.78,-0.012063515468762831,Slight or No change
467,2017-12-14,1057.47,1055.49,1067.08,1053.6,1550000.0,12,2017,1131.3494578224704,1058.4099999999999,-0.013554104477611961,Slight or No change
468,2017-12-13,1051.39,1052.08,1055.48,1046.58,1380000.0,12,2017,1131.2193529080469,1051.3825000000002,-0.005749572091879651,Slight or No change
469,2017-12-12,1048.77,1050.0,1062.5,1044.87,1690000.0,12,2017,1131.0553867601818,1051.5349999999999,-0.002491939242336483,Slight or No change
470,2017-12-11,1051.97,1051.11,1056.0,1044.12,1160000.0,12,2017,1130.9475809781527,1050.8,0.003051193302630706,Slight or No change
471,2017-12-08,1049.38,1051.81,1056.42,1045.86,1560000.0,12,2017,1130.7983240226097,1050.8675,-0.0024620473967887913,Slight or No change
472,2017-12-07,1044.57,1036.07,1048.92,1035.36,1540000.0,12,2017,1130.6428423287784,1041.23,-0.0045836589224115265,Slight or No change
473,2017-12-06,1032.72,1016.52,1039.58,1015.31,1440000.0,12,2017,1130.4780171810378,1026.0324999999998,-0.011344380941439969,Slight or No change
474,2017-12-05,1019.6,1010.99,1036.68,1002.32,1950000.0,12,2017,1130.2258617950679,1017.3975000000002,-0.01270431481911849,Slight or No change
475,2017-12-04,1011.87,1027.8,1031.34,1009.22,1940000.0,12,2017,1129.9586853270448,1020.0575000000001,-0.007581404472342124,Slight or No change
476,2017-12-01,1025.07,1030.41,1037.24,1016.9,1890000.0,12,2017,1129.728518310423,1027.405,0.01304515402176154,Slight or No change
477,2017-11-30,1036.17,1039.94,1044.14,1030.07,2250000.0,11,2017,1129.484745403648,1037.58,0.010828528783400238,Slight or No change
478,2017-11-29,1037.38,1056.18,1058.77,1029.65,2790000.0,11,2017,1129.1881223570426,1045.4950000000001,0.0011677620467684946,Slight or No change
479,2017-11-28,1063.29,1073.99,1080.0,1054.54,1820000.0,11,2017,1129.0499721023864,1067.955,0.02497638281054182,Slight or No change
480,2017-11-27,1072.01,1058.57,1073.04,1054.77,1770000.0,11,2017,1128.9339140489826,1064.5974999999999,0.00820096116769653,Slight or No change
481,2017-11-24,1056.52,1054.39,1060.07,1051.92,825370.0,11,2017,1128.8652733728688,1055.725,-0.014449492075633619,Slight or No change
482,2017-11-22,1051.92,1051.16,1055.43,1047.25,726900.0,11,2017,1128.8010925816789,1051.44,-0.004353916631961496,Slight or No change
483,2017-11-21,1050.3,1040.04,1050.39,1039.14,1110000.0,11,2017,1128.7012319482512,1044.9675000000002,-0.0015400410677619547,Slight or No change
484,2017-11-20,1034.66,1036.0,1038.69,1032.67,876320.0,11,2017,1128.6068822030152,1035.505,-0.014890983528515589,Slight or No change
485,2017-11-17,1035.89,1049.8,1051.0,1033.73,1340000.0,11,2017,1128.4648595703952,1042.605,0.0011887963195640339,Slight or No change
486,2017-11-16,1048.47,1038.75,1051.76,1038.0,1190000.0,11,2017,1128.356188835207,1044.2450000000001,0.012144146579269988,Slight or No change
487,2017-11-15,1036.41,1035.0,1039.63,1030.76,905260.0,11,2017,1128.261267890917,1035.45,-0.011502475035050974,Slight or No change
488,2017-11-14,1041.64,1037.72,1042.3,1029.33,1050000.0,11,2017,1128.1576704320462,1037.7475,0.005046265474088374,Slight or No change
489,2017-11-13,1041.2,1040.8,1048.74,1039.26,940720.0,11,2017,1128.0645942757337,1042.5,-0.00042241081371685585,Slight or No change
490,2017-11-10,1044.15,1043.87,1046.63,1041.22,972130.0,11,2017,1127.971878869966,1043.9675,0.0028332693046484447,Slight or No change
491,2017-11-09,1047.72,1048.0,1050.88,1035.85,1790000.0,11,2017,1127.8089433940036,1045.6125000000002,0.003419048987214346,Slight or No change
492,2017-11-08,1058.29,1050.05,1062.69,1047.05,1210000.0,11,2017,1127.7136637089286,1054.52,0.010088573282938107,Slight or No change
493,2017-11-07,1052.39,1049.65,1053.41,1043.0,1310000.0,11,2017,1127.6020620702768,1049.6125,-0.005575031418609155,Slight or No change
494,2017-11-06,1042.68,1049.1,1052.59,1042.0,914750.0,11,2017,1127.5142929586077,1046.5925,-0.009226617508718338,Slight or No change
495,2017-11-03,1049.99,1042.75,1050.66,1037.65,1390000.0,11,2017,1127.3927331940545,1045.2624999999998,0.007010779913300347,Slight or No change
496,2017-11-02,1042.97,1039.99,1045.52,1028.66,1330000.0,11,2017,1127.2662603789586,1039.285,-0.006685777959790085,Slight or No change
497,2017-11-01,1042.6,1036.32,1047.86,1034.0,2160000.0,11,2017,1127.0607683807198,1040.195,-0.0003547561291313839,Slight or No change
498,2017-10-31,1033.04,1033.0,1041.0,1026.3,1520000.0,10,2017,1126.9004596958987,1033.335,-0.009169384231728306,Slight or No change
499,2017-10-30,1033.13,1029.16,1039.83,1022.33,2340000.0,10,2017,1126.6549700934995,1031.1125,8.712150545986397e-05,Slight or No change
500,2017-10-27,1033.67,1030.99,1063.62,1026.85,5180000.0,10,2017,1126.1191930707384,1038.7824999999998,0.0005226834957845483,Slight or No change
501,2017-10-26,991.42,998.47,1006.51,990.47,2370000.0,10,2017,1125.7650232936649,996.7175,-0.040873779833022206,Slight or No change
502,2017-10-25,991.46,986.27,994.43,977.72,1530000.0,10,2017,1125.5374374263058,987.47,4.0346170139926585e-05,Slight or No change
